ID,predicted_price
TR-10001,1.4314523277496338
TR-10002,2.0611951439851444
TR-10003,1.4213337196780076
TR-10004,1.3302662470333708
TR-10005,4.954835980023789
TR-10006,3.0403578565459317
TR-10007,2.609848559424429
TR-10008,1.752155989130894
TR-10009,1.510808448459515
TR-10010,1.5451461323322098
TR-10011,1.4548281862113988
TR-10012,3.1935423398524914
TR-10013,2.1391927478705943
TR-10014,1.3680704910787527
TR-10015,0.9793004522527078
TR-10016,1.941270900173278
TR-10017,2.256868412110988
TR-10018,2.5812728607036353
TR-10019,1.740538328011621
TR-10020,3.977266011326129
TR-10021,1.234935842284485
TR-10022,1.7111194119515218
TR-10023,0.7909819131418884
TR-10024,0.8832673663877376
TR-10025,2.201122376901566
TR-10026,2.234242080173045
TR-10027,1.0475542113284466
TR-10028,1.4485977469821112
TR-10029,4.587895901204125
TR-10030,1.8861338552644629
TR-10031,1.1258328876603318
TR-10032,1.9703150529714646
TR-10033,1.4444285056933388
TR-10034,4.875620395537123
TR-10035,2.8157341264373765
TR-10036,1.690882195808271
TR-10037,1.2688519174875286
TR-10038,1.0223513819648584
TR-10039,1.9894748247367198
TR-10040,1.14293146148507
TR-10041,1.0574854377691159
TR-10042,1.8630390692491319
TR-10043,1.5181631774745412
TR-10044,2.521544965836396
TR-10045,0.9759744283032381
TR-10046,4.449748793781783
TR-10047,1.319023349176009
TR-10048,1.394397610228076
TR-10049,4.6182048800112625
TR-10050,2.4362863237513954
TR-10051,1.590492487023572
TR-10052,3.1544264243904196
TR-10053,1.0210866964921288
TR-10054,2.5051959185354806
TR-10055,1.6146647174169015
TR-10056,1.6021569935505844
TR-10057,1.0090472861669797
TR-10058,2.006713934784674
TR-10059,0.9696971436662116
TR-10060,2.663018097208205
TR-10061,2.4828975044517136
TR-10062,1.3953813637905954
TR-10063,1.2889485974075632
TR-10064,0.8644823578843944
TR-10065,1.1181502407911337
TR-10066,1.086540833465159
TR-10067,1.2220065097485193
TR-10068,1.6941145289422612
TR-10069,1.2711941878744795
TR-10070,1.400628049457365
TR-10071,1.904403564282677
TR-10072,2.0056364904066775
TR-10073,1.10320655572239
TR-10074,2.555976340524566
TR-10075,1.939397083863718
TR-10076,1.6806698969211655
TR-10077,1.0026294653067365
TR-10078,2.355946449478996
TR-10079,1.292227775949295
TR-10080,2.2479677846405757
TR-10081,0.9911523404106773
TR-10082,2.113708846060573
TR-10083,1.1599831899020694
TR-10084,2.1533869064155162
TR-10085,5.746148607551148
TR-10086,2.85672385820901
TR-10087,0.9661837380857848
TR-10088,1.4438663608004705
TR-10089,1.8626643059872188
TR-10090,3.8573417675142663
TR-10091,1.2874963897676557
TR-10092,1.2970528529464138
TR-10093,2.7991040066900297
TR-10094,0.9652936753387443
TR-10095,2.460645935775682
TR-10096,2.459943254659598
TR-10097,1.386949190397572
TR-10098,1.0548152495279925
TR-10099,1.7844793204708123
TR-10100,1.7701446257026743
TR-10101,2.9403429110231434
TR-10102,1.435902641484839
TR-10103,2.9558018955770193
TR-10104,1.2749418204936007
TR-10105,1.6508762175991571
TR-10106,2.862298461729954
TR-10107,1.6550454588879293
TR-10108,2.0187532045736014
TR-10109,0.9882947705385975
TR-10110,2.652712107505619
TR-10111,0.965481056969701
TR-10112,1.537088722201101
TR-10113,1.900046941362949
TR-10114,2.5587402195811677
TR-10115,1.7138364456003865
TR-10116,2.874993567227225
TR-10117,1.02509183831759
TR-10118,1.0987562419871832
TR-10119,2.9022107491235896
TR-10120,1.8905373235919305
TR-10121,4.23233925646504
TR-10122,3.950564128914894
TR-10123,1.0812829049005328
TR-10124,2.0954859824501013
TR-10125,3.5468504050201024
TR-10126,2.359834618321333
TR-10127,1.7641015681043435
TR-10128,1.3781890991503785
TR-10129,0.939809773528723
TR-10130,1.4929135027032134
TR-10131,0.7857586501789884
TR-10132,1.116089042850618
TR-10133,3.1017253406840335
TR-10134,1.7849009291404634
TR-10135,2.6558507498241357
TR-10136,2.952663253258505
TR-10137,1.161763315396152
TR-10138,2.5981840528974125
TR-10139,9.775790581260786
TR-10140,1.9774355549477938
TR-10141,1.4629324417502476
TR-10142,1.42545611555904
TR-10143,3.8955207748215552
TR-10144,1.4705682432117073
TR-10145,2.5220134199137836
TR-10146,4.119676050852721
TR-10147,2.488284726341696
TR-10148,2.5076318797379074
TR-10149,1.216947205712706
TR-10150,1.460824398401993
TR-10151,2.454556032769608
TR-10152,2.9764138749821796
TR-10153,2.022594528008197
TR-10154,2.6700449083690567
TR-10155,1.756044298509456
TR-10156,0.9354531506089946
TR-10157,2.277246164477457
TR-10158,1.5543746776567946
TR-10159,1.2896512785236505
TR-10160,3.9635871522663377
TR-10161,1.8273428685520057
TR-10162,1.334950787807271
TR-10163,1.238121330010738
TR-10164,2.319969176335435
TR-10165,1.794176319872786
TR-10166,0.9752249017794139
TR-10167,1.7017971758114598
TR-10168,4.241474110974146
TR-10169,4.499826534654783
TR-10170,1.9968763991594818
TR-10171,1.5130570280309885
TR-10172,2.597715598820025
TR-10173,3.5774404562736777
TR-10174,2.419000368295702
TR-10175,1.9211742202532427
TR-10176,1.152722151702523
TR-10177,1.149958272645922
TR-10178,2.3702342988393914
TR-10179,1.3539231779415717
TR-10180,0.9980854607560516
TR-10181,1.296537553461284
TR-10182,1.2135743363554976
TR-10183,3.786839428867055
TR-10184,1.8424739352517046
TR-10185,2.0760451382384093
TR-10186,1.4527669882708834
TR-10187,2.7684202646209766
TR-10188,2.1834148127762205
TR-10189,1.273114849591778
TR-10190,2.5663760210426267
TR-10191,1.8054192177301487
TR-10192,1.016144365439439
TR-10193,3.7100129601750753
TR-10194,1.7247045801958358
TR-10195,1.4655557845836318
TR-10196,1.0606531242404271
TR-10197,0.9663711197167416
TR-10198,1.1770349183190696
TR-10199,0.9902857003675065
TR-10200,2.61968609504962
TR-10201,1.647971802319338
TR-10202,2.3075082978768564
TR-10203,0.8906220954027624
TR-10204,1.9268893599974017
TR-10205,2.2391140025779053
TR-10206,1.6722377235281447
TR-10207,0.8233052444818055
TR-10208,1.3351850148459672
TR-10209,1.6581841012064416
TR-10210,1.173568358146383
TR-10211,1.609558567973348
TR-10212,1.1460232583958458
TR-10213,2.196063072865752
TR-10214,1.7789984077653462
TR-10215,1.069524707558042
TR-10216,1.1824689856167943
TR-10217,2.0924410309470645
TR-10218,2.32292043702299
TR-10219,3.4590152655094606
TR-10220,1.2303449923260628
TR-10221,3.3420422823851514
TR-10222,3.37905015449897
TR-10223,1.6427251166525687
TR-10224,2.954255997121629
TR-10225,1.4655557845836336
TR-10226,2.007510306716238
TR-10227,1.7236739812255777
TR-10228,2.5404236651552154
TR-10229,0.9845471379194773
TR-10230,1.86833260032364
TR-10231,2.7681860375822827
TR-10232,1.648908851010339
TR-10233,1.5981751338927692
TR-10234,1.964178304557653
TR-10235,0.8895914964325042
TR-10236,1.5317483457188537
TR-10237,1.5979877522618142
TR-10238,1.17324044029221
TR-10239,0.9246787068290224
TR-10240,3.47550484903359
TR-10241,1.752249679946373
TR-10242,2.6344892438951484
TR-10243,1.5039690189296193
TR-10244,2.56244100679255
TR-10245,3.503424712046043
TR-10246,3.890836234047654
TR-10247,1.6451142324472579
TR-10248,1.429250593585899
TR-10249,1.3837637026713216
TR-10250,1.627266132098695
TR-10251,3.579361117990976
TR-10252,1.9363521323606816
TR-10253,2.0798864616730093
TR-10254,2.542625399318947
TR-10255,1.7463003131635195
TR-10256,1.329095111839895
TR-10257,1.8179269415964643
TR-10258,3.505766982432994
TR-10259,4.986316094024402
TR-10260,1.1118261107463676
TR-10261,2.6639081599552434
TR-10262,1.539384147180313
TR-10263,3.8093252245817775
TR-10264,1.0089535953515016
TR-10265,1.2636520772284994
TR-10266,1.4166023334963662
TR-10267,3.5399641300824705
TR-10268,2.343532416428157
TR-10269,1.2882459162914799
TR-10270,1.8569023208353213
TR-10271,1.304735499815612
TR-10272,1.5749398116542201
TR-10273,1.6740646944299657
TR-10274,0.8749291648826403
TR-10275,2.9691528367826354
TR-10276,3.2373427960884653
TR-10277,4.198142108815563
TR-10278,1.2611692706183315
TR-10279,1.944643769530488
TR-10280,1.7973149621913016
TR-10281,1.731497164317993
TR-10282,1.7990482422776433
TR-10283,1.9685817728851223
TR-10284,0.9299019697919225
TR-10285,3.6875271644603487
TR-10286,1.5534377695020143
TR-10287,3.9376816417866634
TR-10288,1.9003280138093819
TR-10289,0.8768495455274933
TR-10290,2.372342342187647
TR-10291,1.4508463265535838
TR-10292,1.0335296331595412
TR-10293,1.5071076612481356
TR-10294,3.5256762807220725
TR-10295,0.8668246282713449
TR-10296,1.4062496389222696
TR-10297,0.9240697165284155
TR-10298,1.5426164803143037
TR-10299,0.9564398932760717
TR-10300,1.5533440786865373
TR-10301,3.609998014652293
TR-10302,1.820925047691761
TR-10303,2.79427892969291
TR-10304,2.68737770923249
TR-10305,1.4515490076696682
TR-10306,1.5317015003111145
TR-10307,1.1268634866305907
TR-10308,1.1680874454409187
TR-10309,2.673043014464355
TR-10310,1.500783531203368
TR-10311,1.1350615735211407
TR-10312,2.1083684695783282
TR-10313,1.4221300916095703
TR-10314,2.1303858112156604
TR-10315,0.7294270473728287
TR-10316,1.9163022978483877
TR-10317,1.066386065239528
TR-10318,1.9255308431729725
TR-10319,1.437354849124749
TR-10320,0.823164708258588
TR-10321,1.0949149185525853
TR-10322,1.9952368098886148
TR-10323,1.6667568108226782
TR-10324,1.0049717356936858
TR-10325,1.882105150198909
TR-10326,3.862963216442944
TR-10327,1.8120244202213505
TR-10328,2.7913745144130906
TR-10329,2.5721380061945256
TR-10330,1.1985838058790146
TR-10331,1.3868086541743552
TR-10332,1.6720034964894492
TR-10333,2.037631903892422
TR-10334,1.5324041814271998
TR-10335,1.041464308322375
TR-10336,1.5994868053094617
TR-10337,2.234382616396264
TR-10338,1.2639331496749318
TR-10339,1.482982276262544
TR-10340,1.3508782264385366
TR-10341,3.7327329829284928
TR-10342,1.3624490421500715
TR-10343,4.109135834111443
TR-10344,1.5788748259042964
TR-10345,1.2629025507046747
TR-10346,3.646303205650026
TR-10347,1.4763770737713438
TR-10348,1.2252856882902494
TR-10349,2.0219386922998517
TR-10350,3.584701494473226
TR-10351,1.2421500350762935
TR-10352,1.0313925456584878
TR-10353,2.240800437256508
TR-10354,1.2923214667647727
TR-10355,1.7438175065533508
TR-10356,3.1607505544351837
TR-10357,1.2180246500907026
TR-10358,2.4766670652224225
TR-10359,2.379978143649106
TR-10360,2.180463552088662
TR-10361,4.663129626032976
TR-10362,2.3945470654559378
TR-10363,1.9897558971831528
TR-10364,0.9980854607560502
TR-10365,1.5392904563648326
TR-10366,1.6731746316829252
TR-10367,1.90758905200893
TR-10368,1.1182907770143506
TR-10369,1.8331985445193828
TR-10370,1.5614014888176473
TR-10371,0.9225238180730275
TR-10372,1.2079997328345546
TR-10373,1.4445221965088166
TR-10374,1.5891808156068796
TR-10375,2.0114453209663155
TR-10376,2.357445502526643
TR-10377,6.0408062222295165
TR-10378,1.5642590586897267
TR-10379,3.4734436510930755
TR-10380,2.2877863812187345
TR-10381,1.2032683466529157
TR-10382,2.3397847838090327
TR-10383,1.3527520427480964
TR-10384,2.0030131475732933
TR-10385,2.6187491868948416
TR-10386,0.9571425743921561
TR-10387,1.4141195268861995
TR-10388,2.478353499901026
TR-10389,1.6914911861088762
TR-10390,1.0508333898701763
TR-10391,1.2192426306919162
TR-10392,1.1997549410724897
TR-10393,1.6589804731380045
TR-10394,4.009823569704738
TR-10395,0.9025676743762095
TR-10396,1.3987542331478053
TR-10397,0.7491021186232135
TR-10398,1.336449840854921
TR-10399,2.6712160435625303
TR-10400,1.825656433873401
TR-10401,1.3006131039345785
TR-10402,1.4537038964256632
TR-10403,2.5079597975920813
TR-10404,0.8380381252157234
TR-10405,4.560959791754192
TR-10406,1.3937417745197294
TR-10407,1.9178950417115115
TR-10408,1.191275922271729
TR-10409,2.828944531419778
TR-10410,0.9007875488821273
TR-10411,1.408029623880128
TR-10412,2.5682498373521883
TR-10413,1.696691026367908
TR-10414,1.1906669319711216
TR-10415,1.1196961392465221
TR-10416,2.550120664557191
TR-10417,2.7342231169715
TR-10418,1.879762879811957
TR-10419,4.035120089883802
TR-10420,1.9865704094569014
TR-10421,1.5951770277974728
TR-10422,1.1240996075739884
TR-10423,2.94291940844879
TR-10424,7.550867940696502
TR-10425,0.9248660884599786
TR-10426,1.3158378614497568
TR-10427,1.9358836782832936
TR-10428,0.9314534896962381
TR-10429,1.8425207806594444
TR-10430,1.5088409413344772
TR-10431,1.3639480951977194
TR-10432,1.412901546284984
TR-10433,0.8269591862854483
TR-10434,2.4437815889896366
TR-10435,1.8769521553476176
TR-10436,1.3562654483285208
TR-10437,5.157536059310482
TR-10438,1.6954730457666927
TR-10439,1.1051272174396884
TR-10440,2.708551833530521
TR-10441,3.391417342142071
TR-10442,0.8627490777980522
TR-10443,1.0539720321886903
TR-10444,1.5910780546203092
TR-10445,2.2283395587979307
TR-10446,2.9984312166195157
TR-10447,2.528103322919854
TR-10448,1.8921769128627954
TR-10449,1.9043567188749386
TR-10450,0.8228836358121537
TR-10451,1.9720951784655467
TR-10452,1.904356718874937
TR-10453,1.5904924870235724
TR-10454,1.528843930439035
TR-10455,4.958443076419691
TR-10456,2.0331815901572154
TR-10457,1.6183655046282832
TR-10458,1.0284881303786682
TR-10459,3.545819806049845
TR-10460,2.285209883793089
TR-10461,2.336037151189915
TR-10462,3.974221059823094
TR-10463,0.7023504016996813
TR-10464,1.6691459266173692
TR-10465,2.1975621259134015
TR-10466,1.3052976447084794
TR-10467,1.6893362973528832
TR-10468,1.4057810443086556
TR-10469,1.0971634981240574
TR-10470,1.769957244071718
TR-10471,2.3762305110299864
TR-10472,1.2833739938866224
TR-10473,1.9565893485039347
TR-10474,1.1142152265410583
TR-10475,2.1495924283886545
TR-10476,0.9586884728475438
TR-10477,1.6739241582067488
TR-10478,1.6888678432754929
TR-10479,1.2930709932885973
TR-10480,1.9200499304675063
TR-10481,2.564033750655675
TR-10482,2.075155075491367
TR-10483,2.018097368865253
TR-10484,2.1399891198021606
TR-10485,0.9456654494960991
TR-10486,2.0746397760062405
TR-10487,1.154127513934693
TR-10488,4.37053320929512
TR-10489,4.728900578498544
TR-10490,0.9375377712533812
TR-10491,1.1883715069919094
TR-10492,1.4389007475801356
TR-10493,0.8548790492978976
TR-10494,1.589321351830097
TR-10495,0.8963372351469217
TR-10496,1.8966740720057405
TR-10497,1.625345470381395
TR-10498,1.3190233491760086
TR-10499,1.3833420940016692
TR-10500,2.6368315142820973
TR-10501,2.7033051478637535
TR-10502,3.3267238340544965
TR-10503,1.6464727492716877
TR-10504,5.385064204698859
TR-10505,4.8919225974303
TR-10506,0.8265844230235363
TR-10507,1.384513229195147
TR-10508,1.2028935833910028
TR-10509,1.3960840449066805
TR-10510,1.4170707875737563
TR-10511,1.5926005303718282
TR-10512,2.2982797525522733
TR-10513,2.4217642473523044
TR-10514,1.3989416147787594
TR-10515,3.012016384863827
TR-10516,2.287552154180039
TR-10517,1.0436660424861077
TR-10518,1.8583076830674912
TR-10519,2.0511233813212555
TR-10520,1.0007088035894354
TR-10521,1.509262550004128
TR-10522,2.375387293690683
TR-10523,4.092739941402782
TR-10524,2.019830648951598
TR-10525,1.53521490589154
TR-10526,4.155981241850458
TR-10527,2.732349300661939
TR-10528,1.4092007590736042
TR-10529,4.729837486653326
TR-10530,1.5219576555014
TR-10531,1.0737407942545536
TR-10532,2.1505293365434333
TR-10533,2.0468604492170055
TR-10534,2.8347065165716754
TR-10535,2.003200529204248
TR-10536,1.3189765037682692
TR-10537,1.4253624247435612
TR-10538,3.7015807867820545
TR-10539,3.6224120477031283
TR-10540,1.1761448555720277
TR-10541,1.5445839874393423
TR-10542,2.5185000143333593
TR-10543,1.14593012972526
TR-10544,2.5571474757180415
TR-10545,1.7793263256195198
TR-10546,1.4974106618461598
TR-10547,1.8334327715580776
TR-10548,1.0965076624157115
TR-10549,2.45792890212682
TR-10550,1.3765026644717735
TR-10551,1.7193173583058492
TR-10552,1.6345271702982413
TR-10553,2.3211403115289087
TR-10554,2.51133266694929
TR-10555,2.5899392611353482
TR-10556,0.8939949647599712
TR-10557,1.7127121558146492
TR-10558,0.9886226883927708
TR-10559,2.080261224934921
TR-10560,3.1952756199388364
TR-10561,1.2768624822108994
TR-10562,3.911495058860557
TR-10563,2.699463824429152
TR-10564,1.5071076612481347
TR-10565,2.0949238375572308
TR-10566,1.2946168917439842
TR-10567,2.1413944820343307
TR-10568,1.0638095678138821
TR-10569,4.163944961166085
TR-10570,1.7602133992620057
TR-10571,3.813307084239591
TR-10572,2.6412818280173025
TR-10573,1.2716626419518697
TR-10574,2.4413456277872103
TR-10575,4.405198811021984
TR-10576,1.9436131705602284
TR-10577,1.4359963323003173
TR-10578,1.312886600762199
TR-10579,1.7420373810592704
TR-10580,1.7865405184113283
TR-10581,2.887079682423888
TR-10582,3.118355460431382
TR-10583,1.5650085852135494
TR-10584,5.392137861267447
TR-10585,3.845630415579509
TR-10586,1.2294080841712833
TR-10587,1.301550012089358
TR-10588,2.770294080930535
TR-10589,1.367602037001362
TR-10590,2.077637882101536
TR-10591,1.8700658804099826
TR-10592,1.0432444338164566
TR-10593,1.410184512636123
TR-10594,2.011632702597272
TR-10595,0.8820962311942624
TR-10596,0.8819088495633066
TR-10597,1.007267160672897
TR-10598,1.3970677984691995
TR-10599,1.5438813063232564
TR-10600,2.9108303041475665
TR-10601,1.5069202796171792
TR-10602,1.7464876947944754
TR-10603,0.9361558317250794
TR-10604,0.8742262026941087
TR-10605,2.364612849910711
TR-10606,1.0154182616194851
TR-10607,1.352705197340357
TR-10608,1.1025038746063034
TR-10609,2.5244493811162134
TR-10610,1.546036195079251
TR-10611,1.5598087449545213
TR-10612,2.1285119949061007
TR-10613,0.9232264991891127
TR-10614,1.4881352711138356
TR-10615,1.71266531040691
TR-10616,4.003499439659973
TR-10617,2.66269017935403
TR-10618,3.0993830702970824
TR-10619,1.6549986134801877
TR-10620,1.35589068506661
TR-10621,3.3169331438370433
TR-10622,2.387754481333782
TR-10623,2.240940973479725
TR-10624,3.905358310446745
TR-10625,4.673810378997468
TR-10626,1.7545451049255845
TR-10627,1.533106862543285
TR-10628,1.4357639322325229
TR-10629,0.8946976458760559
TR-10630,2.5236530091846485
TR-10631,1.7039052191597144
TR-10632,0.8797539608073123
TR-10633,1.578218990195951
TR-10634,2.6442799341125993
TR-10635,2.178168127109452
TR-10636,3.04045154736141
TR-10637,1.0090004407592403
TR-10638,0.7684492720194244
TR-10639,1.820456593614371
TR-10640,1.380343987906374
TR-10641,2.302074230579133
TR-10642,3.9318259658192853
TR-10643,3.4842180948730497
TR-10644,1.961039662239139
TR-10645,1.3344823337298823
TR-10646,1.610073867458478
TR-10647,1.9052936270297187
TR-10648,3.7191478146841837
TR-10649,2.611581839510772
TR-10650,3.40786008025846
TR-10651,1.9306369926165234
TR-10652,1.4054531264544823
TR-10653,2.5351301340807084
TR-10654,4.549904275527783
TR-10655,2.36091206269933
TR-10656,1.1525347700715667
TR-10657,1.4736600401224802
TR-10658,1.6623533424952135
TR-10659,2.036929222776336
TR-10660,2.001045640448254
TR-10661,1.598315670115987
TR-10662,1.6886336162367976
TR-10663,1.0328448938346206
TR-10664,1.460355944324602
TR-10665,1.0832504120255715
TR-10666,2.1435025253825857
TR-10667,1.8026084932658082
TR-10668,3.018808968985985
TR-10669,2.4460301685611103
TR-10670,1.111591883707671
TR-10671,1.5596447860274332
TR-10672,1.827858168037136
TR-10673,2.911064531186263
TR-10674,1.0318141543281387
TR-10675,1.7520154529076784
TR-10676,1.7480804386576003
TR-10677,1.4901027782388732
TR-10678,1.4464428582261164
TR-10679,1.0392625741586412
TR-10680,0.8200260659400743
TR-10681,1.541211118082133
TR-10682,2.2292296215449716
TR-10683,2.633739717371323
TR-10684,1.920752611583591
TR-10685,1.9716267243881562
TR-10686,3.657077649429996
TR-10687,1.808089405971275
TR-10688,2.0289655034607055
TR-10689,1.6033281287440615
TR-10690,3.455408169113561
TR-10691,2.0093372776180587
TR-10692,1.867348846761121
TR-10693,2.2820243960668356
TR-10694,3.087437491323633
TR-10695,3.654688533635307
TR-10696,2.112818783313533
TR-10697,2.513019101627896
TR-10698,1.5149308443405496
TR-10699,1.054955785751209
TR-10700,1.8703937982641563
TR-10701,1.4047035999306599
TR-10702,0.8884672066467675
TR-10703,1.7151949624248162
TR-10704,1.8034048651973729
TR-10705,1.5989246604165928
TR-10706,2.2774803915161534
TR-10707,2.0032942200197272
TR-10708,2.499902387460971
TR-10709,3.313466583664357
TR-10710,4.377325793417273
TR-10711,2.356649130595083
TR-10712,1.7392266565949286
TR-10713,3.2055347642336782
TR-10714,2.2573837115961184
TR-10715,2.6353793066421884
TR-10716,2.1416287090730224
TR-10717,2.024749416764196
TR-10718,2.3676578014137473
TR-10719,2.8309588839525563
TR-10720,2.0214702382224625
TR-10721,2.3362713782286084
TR-10722,1.6611353618939984
TR-10723,1.959400072968275
TR-10724,1.040996135317431
TR-10725,1.2366224174993135
TR-10726,1.471598842181965
TR-10727,1.2602792078712908
TR-10728,2.7016655585928895
TR-10729,1.6815131142604682
TR-10730,2.397451480735757
TR-10731,1.3810466690224572
TR-10732,1.8201286757601982
TR-10733,1.9748590575221476
TR-10734,4.1089016070727515
TR-10735,2.225247761887155
TR-10736,2.477322900930769
TR-10737,1.946283358801353
TR-10738,1.488884797637659
TR-10739,1.6236121902950524
TR-10740,2.0280285953059236
TR-10741,1.194883018667632
TR-10742,1.817833391317209
TR-10743,1.315744170634278
TR-10744,0.804192318124289
TR-10745,1.9770607916858831
TR-10746,3.0506638462485114
TR-10747,1.2802353515681082
TR-10748,2.421061566236216
TR-10749,1.8048570728372821
TR-10750,1.3874644898827029
TR-10751,2.702368239708973
TR-10752,2.922401119859103
TR-10753,1.0174794595600007
TR-10754,1.3443667147628133
TR-10755,2.2618340253313254
TR-10756,1.1256923514371144
TR-10757,0.9493662367074809
TR-10758,1.7348231882674598
TR-10759,1.0661049927930937
TR-10760,1.3240358078040833
TR-10761,2.0112110939276193
TR-10762,4.29230137837097
TR-10763,2.3435324164281552
TR-10764,1.7825118133457736
TR-10765,0.9828372805370038
TR-10766,1.6593552363999167
TR-10767,1.0383725114115996
TR-10768,0.95793894632372
TR-10769,1.2936331381814659
TR-10770,1.6441304788847386
TR-10771,1.484621865533409
TR-10772,3.110625968154445
TR-10773,2.215410226261964
TR-10774,1.606888379732226
TR-10775,2.105089291036596
TR-10776,3.1502103376939066
TR-10777,1.6789366168348223
TR-10778,0.9296911654570965
TR-10779,2.372108115148955
TR-10780,2.405602581682344
TR-10781,2.0415200727347584
TR-10782,1.9678322463612963
TR-10783,2.139286438686072
TR-10784,2.17535740264511
TR-10785,4.585085176739786
TR-10786,1.2970060075386747
TR-10787,1.6860102734034137
TR-10788,1.2221938913794748
TR-10789,4.485772912333082
TR-10790,1.7812001419290806
TR-10791,3.4126851572555807
TR-10792,1.2463192763650652
TR-10793,1.95588666738785
TR-10794,1.4329045353895418
TR-10795,0.8338454612230822
TR-10796,3.4315170111666613
TR-10797,3.597583981601453
TR-10798,5.281067399518257
TR-10799,3.1032243937316797
TR-10800,2.066441829651913
TR-10801,0.842137098392887
TR-10802,0.9815021864164417
TR-10803,1.5891339701991396
TR-10804,1.2010197670814422
TR-10805,2.34236128123468
TR-10806,1.040902163429506
TR-10807,1.5962076267677303
TR-10808,1.0477884383671396
TR-10809,2.0057770266298944
TR-10810,1.536854495162405
TR-10811,3.432922373398834
TR-10812,1.3641823222364144
TR-10813,1.0745371661861154
TR-10814,3.3582039480551114
TR-10815,2.945495905874435
TR-10816,1.6320912090958128
TR-10817,2.2534018519383006
TR-10818,1.6204735479765375
TR-10819,1.4165086426808886
TR-10820,1.876952155347618
TR-10821,0.7737896485016715
TR-10822,1.2940079014433779
TR-10823,1.8214403471768918
TR-10824,2.6901884336968327
TR-10825,1.8434576888142251
TR-10826,1.3501286999147117
TR-10827,1.2653853573148415
TR-10828,1.2196642393615682
TR-10829,0.9352657689780393
TR-10830,1.4194130579607065
TR-10831,3.1127340115026993
TR-10832,1.7893512428756693
TR-10833,3.140607029107412
TR-10834,2.9335503269009866
TR-10835,2.663252324246899
TR-10836,1.131501181996751
TR-10837,3.394977593130234
TR-10838,1.569177826502323
TR-10839,2.256868412110989
TR-10840,1.2105762302602
TR-10841,2.1246706714715016
TR-10842,3.296133782800922
TR-10843,1.6956604273976494
TR-10844,2.0249836438028885
TR-10845,1.116276424481573
TR-10846,1.1531906057799126
TR-10847,1.9666611111678225
TR-10848,0.9683854722495184
TR-10849,0.9227580451117237
TR-10850,1.697300016668516
TR-10851,1.65022038189081
TR-10852,2.419187749926659
TR-10853,1.6932713116029592
TR-10854,1.8109469758433514
TR-10855,1.357202356483303
TR-10856,2.1493582013499593
TR-10857,0.9928856204970209
TR-10858,1.9138663366459578
TR-10859,2.320578166636042
TR-10860,1.3650723849834556
TR-10861,1.55980874495452
TR-10862,2.2223901920150766
TR-10863,1.4472392301576795
TR-10864,1.5317951911265921
TR-10865,0.8780206807209686
TR-10866,2.0438623431217082
TR-10867,2.4408303283020794
TR-10868,5.139734804369663
TR-10869,2.2512469631823078
TR-10870,1.6156953163871588
TR-10871,2.1178312419416057
TR-10872,1.695894654436345
TR-10873,1.3315779184500645
TR-10874,4.833131610717839
TR-10875,3.175272630834277
TR-10876,3.1862344562452063
TR-10877,1.5473947119036837
TR-10878,3.339137867105334
TR-10879,2.159804727275759
TR-10880,0.8925896025278004
TR-10881,1.8547942774870656
TR-10882,1.226456823483725
TR-10883,2.5003239961306236
TR-10884,1.590633023246789
TR-10885,2.38311678596762
TR-10886,1.6685369363167644
TR-10887,3.3703837540672525
TR-10888,1.9844623661086445
TR-10889,1.0155587978427016
TR-10890,2.444015816028335
TR-10891,3.143183526533057
TR-10892,0.8448542725779727
TR-10893,1.4752065007227608
TR-10894,2.6173438246626692
TR-10895,3.999330198371203
TR-10896,1.8791538895113502
TR-10897,1.0539720321886903
TR-10898,1.4340756705830162
TR-10899,1.785369383217852
TR-10900,1.232265654043362
TR-10901,2.1732025138891164
TR-10902,5.166436686780899
TR-10903,0.9784103895056672
TR-10904,2.3490601745413593
TR-10905,2.224545080771071
TR-10906,3.2230549467280674
TR-10907,1.4457870225177698
TR-10908,0.7480715196529549
TR-10909,1.0219297732952077
TR-10910,1.2735833036691686
TR-10911,2.2081023426546795
TR-10912,1.7459255499016075
TR-10913,1.802795874896766
TR-10914,2.1943297927794103
TR-10915,1.9660989662749535
TR-10916,1.4182419227672316
TR-10917,2.132259627525222
TR-10918,1.8784980538030043
TR-10919,1.7978771070841697
TR-10920,1.5817323957763776
TR-10921,2.9490093114548603
TR-10922,1.7912719045929688
TR-10923,3.661293736126506
TR-10924,1.6188808041134117
TR-10925,3.133392836315603
TR-10926,0.7403888727837572
TR-10927,1.1612480159110228
TR-10928,1.539993137480919
TR-10929,0.9859993455593872
TR-10930,2.0270448417434044
TR-10931,1.4804994696523759
TR-10932,1.5236440901800052
TR-10933,1.9612738892778379
TR-10934,2.716187634991982
TR-10935,1.3342481066911875
TR-10936,4.024111419065139
TR-10937,1.1900579416705148
TR-10938,2.4442968884747676
TR-10939,2.052575588961166
TR-10940,2.3598346183213312
TR-10941,1.1573130016609465
TR-10942,2.0684093367769516
TR-10943,1.7099482767580472
TR-10944,1.6888678432754927
TR-10945,1.6982837702310334
TR-10946,1.4820453681077643
TR-10947,1.365447148245368
TR-10948,1.8522177800614208
TR-10949,0.7506948624863399
TR-10950,3.708841824981601
TR-10951,2.9018828312694156
TR-10952,2.608817960454171
TR-10953,1.0212270921791222
TR-10954,1.2234844823626845
TR-10955,0.9118899105162734
TR-10956,1.120914119847736
TR-10957,1.142650389038636
TR-10958,2.015520871439609
TR-10959,4.620687686621432
TR-10960,1.4610586254406877
TR-10961,1.885196947109683
TR-10962,2.0840088575540414
TR-10963,2.954068615490673
TR-10964,1.364885003352499
TR-10965,0.9596722264100621
TR-10966,1.133843452383703
TR-10967,2.385552747170048
TR-10968,1.6768754188943047
TR-10969,0.8023185018147285
TR-10970,1.526548505459823
TR-10971,2.2278242593128015
TR-10972,5.102352168993934
TR-10973,2.1151610537004832
TR-10974,1.069993161635432
TR-10975,2.006011253668592
TR-10976,1.4843876384947148
TR-10977,1.4264632918254285
TR-10978,1.108078478127247
TR-10979,3.086032129091464
TR-10980,0.8841105837270393
TR-10981,1.6375721218012778
TR-10982,0.8801287240692247
TR-10983,2.0493901012349123
TR-10984,4.4140994384923955
TR-10985,1.3785170170045515
TR-10986,1.5450524415167326
TR-10987,0.8943697280218834
TR-10988,1.9619765703939216
TR-10989,1.3022316127719609
TR-10990,2.047094676255702
TR-10991,2.1071036435693746
TR-10992,0.8484612284376531
TR-10993,2.3449377786603267
TR-10994,1.5570917113056564
TR-10995,1.9051999362142409
TR-10996,1.3832484031861925
TR-10997,1.020711792693993
TR-10998,2.007041852638848
TR-10999,1.036217622655606
TR-11000,1.8349318246057258
TR-11001,1.6648361491053805
TR-11002,1.2706788883893498
TR-11003,1.280329042383586
TR-11004,1.8247195257186226
TR-11005,4.7708272184249605
TR-11006,3.2741164411635872
TR-11007,2.760222318266651
TR-11008,1.337058831155528
TR-11009,1.705966417100231
TR-11010,2.2503100550275277
TR-11011,0.9981791515715293
TR-11012,1.7259225607970508
TR-11013,2.0779657999557086
TR-11014,1.4195535941839252
TR-11015,7.267218996836794
TR-11016,1.3312031551881507
TR-11017,0.9979917699405735
TR-11018,1.5835593666781984
TR-11019,2.0416137635502367
TR-11020,2.1135214644296183
TR-11021,1.8254222068347057
TR-11022,1.2981302973244104
TR-11023,2.2271215781967144
TR-11024,1.7108851849128268
TR-11025,0.9150285528347868
TR-11026,1.794644773950176
TR-11027,1.4327171537585877
TR-11028,1.410840348344468
TR-11029,2.463690887278715
TR-11030,2.1947982468568004
TR-11031,1.502142048027799
TR-11032,1.289182824446259
TR-11033,2.0416606089579763
TR-11034,1.9549497592330711
TR-11035,2.072297505619288
TR-11036,2.962594479699174
TR-11037,2.146781703924315
TR-11038,2.72321444615283
TR-11039,1.3329832806822333
TR-11040,1.2002702405576187
TR-11041,2.375621520729379
TR-11042,1.0915888946031147
TR-11043,0.9164807604746963
TR-11044,1.351018762661753
TR-11045,3.1176527793152946
TR-11046,1.3473648208581097
TR-11047,1.5814044779222047
TR-11048,2.983909140220423
TR-11049,1.5805612605829018
TR-11050,2.57518295769756
TR-11051,1.3739261670461282
TR-11052,1.1818599953161881
TR-11053,1.3541105595725274
TR-11054,2.2069780528689438
TR-11055,1.1454611135029766
TR-11056,1.3660561385459744
TR-11057,3.4293152770029303
TR-11058,1.449440964321413
TR-11059,2.301746312724961
TR-11060,2.1791987260797105
TR-11061,1.9872730905729865
TR-11062,1.2665096471005783
TR-11063,2.5913446233675193
TR-11064,1.7023593207043288
TR-11065,1.5417732629750018
TR-11066,2.820512358026755
TR-11067,3.1673089115186457
TR-11068,1.5858547916574104
TR-11069,2.252933397860912
TR-11070,1.0080635326044602
TR-11071,3.6036738846075242
TR-11072,2.2500758279888324
TR-11073,2.553165616060227
TR-11074,1.5209270565311421
TR-11075,0.9251471609064125
TR-11076,1.773658031283102
TR-11077,1.9614612709087933
TR-11078,2.2722805512571242
TR-11079,1.712243701737259
TR-11080,1.3624021967423314
TR-11081,1.1552986491281694
TR-11082,0.9013028483672564
TR-11083,1.6977684707459049
TR-11084,1.965489975974346
TR-11085,1.4281497265040326
TR-11086,1.6077784424792667
TR-11087,1.6304047744172068
TR-11088,2.708786060569219
TR-11089,2.056791675657676
TR-11090,1.0485670090437638
TR-11091,1.3082022005245206
TR-11092,4.2885537457518526
TR-11093,1.1196498559836754
TR-11094,2.5196711495268334
TR-11095,3.6924459322729457
TR-11096,1.2231776449419949
TR-11097,2.1456105687308398
TR-11098,1.3547663952808735
TR-11099,1.3335454255751011
TR-11100,1.1791898070750626
TR-11101,2.42434074477795
TR-11102,1.3973957163233728
TR-11103,1.825656433873401
TR-11104,2.512410111327288
TR-11105,1.3164936971581023
TR-11106,4.083370859854987
TR-11107,1.3138703543247174
TR-11108,2.1242959082095902
TR-11109,1.3013626304584014
TR-11110,1.7187083680052433
TR-11111,1.9531696337389874
TR-11112,2.1517004717369104
TR-11113,0.8784891347983588
TR-11114,1.5532972332787975
TR-11115,1.3462873764801133
TR-11116,1.3309220827417176
TR-11117,1.6809509693676
TR-11118,1.4326703083508483
TR-11119,0.9687602355114308
TR-11120,1.2622467149963286
TR-11121,2.7920771955291768
TR-11122,1.2539550778265234
TR-11123,2.0288718126452245
TR-11124,2.497934880335934
TR-11125,1.459512726985299
TR-11126,2.427619923319678
TR-11127,1.3129802915776774
TR-11128,3.016935152676426
TR-11129,1.0073140060806367
TR-11130,1.7656006211519912
TR-11131,2.361099444330283
TR-11132,2.2086176421398074
TR-11133,1.0016925571519548
TR-11134,4.452981126915774
TR-11135,1.9178481963037728
TR-11136,1.1883246615841687
TR-11137,1.1005832128890054
TR-11138,4.225078218265492
TR-11139,1.045118250126019
TR-11140,2.5490900655869337
TR-11141,2.0523882073302087
TR-11142,4.615534691770142
TR-11143,1.3995037596716273
TR-11144,1.516008288718546
TR-11145,1.2925556938034684
TR-11146,1.2123563557542836
TR-11147,1.6218789102087081
TR-11148,1.0263332416226745
TR-11149,1.0438065787093251
TR-11150,2.273451686450598
TR-11151,1.230438683141542
TR-11152,1.8095416136111837
TR-11153,1.3496602458373217
TR-11154,0.9587821636630219
TR-11155,2.957441484847879
TR-11156,1.0632474229210147
TR-11157,3.6207724584322625
TR-11158,1.7348700336751997
TR-11159,2.4655647035882784
TR-11160,1.4035793101449223
TR-11161,2.361099444330287
TR-11162,1.2967717804999799
TR-11163,1.391212122501823
TR-11164,3.777236120280555
TR-11165,1.9265145967354906
TR-11166,1.2117005200459365
TR-11167,2.0813855147206577
TR-11168,3.2118120488707067
TR-11169,1.197693743131973
TR-11170,1.5595042498042173
TR-11171,1.3461468402568952
TR-11172,2.10818108794737
TR-11173,1.1147773714339253
TR-11174,1.764991630851383
TR-11175,1.1951640911140669
TR-11176,1.6878372443052339
TR-11177,1.298458215178583
TR-11178,1.4251281977048662
TR-11179,1.5990183512320721
TR-11180,2.435817869674006
TR-11181,1.402314484135968
TR-11182,1.6398675467804882
TR-11183,1.2131058822781065
TR-11184,0.9303001557577041
TR-11185,1.8842131935471633
TR-11186,2.228995394506278
TR-11187,1.7902881510304505
TR-11188,1.0465001896543171
TR-11189,7.6230098686145755
TR-11190,0.9814553410087032
TR-11191,4.011135241121432
TR-11192,1.0158867156968752
TR-11193,1.4650873305062415
TR-11194,1.5557097717773565
TR-11195,1.0634348045519706
TR-11196,1.3424928984532534
TR-11197,1.726812623544091
TR-11198,2.071501133687726
TR-11199,2.05899340982141
TR-11200,1.7992824693163407
TR-11201,1.373598249191955
TR-11202,4.323687801556108
TR-11203,1.3414154540752556
TR-11204,1.6708792067037126
TR-11205,2.1828526678833513
TR-11206,1.3211782379320036
TR-11207,1.2098735491441153
TR-11208,2.133430762718697
TR-11209,1.545544318297992
TR-11210,0.9891848332856396
TR-11211,1.1626533781431931
TR-11212,2.0362733870679888
TR-11213,2.0066670893769363
TR-11214,1.4707556248426625
TR-11215,1.958275783182539
TR-11216,1.5874943809282749
TR-11217,2.072063278580594
TR-11218,2.0937527023637537
TR-11219,1.2677744731095313
TR-11220,1.101801193490219
TR-11221,1.3881203255910493
TR-11222,2.6272282056956016
TR-11223,1.4997997776408494
TR-11224,1.7542640324791503
TR-11225,4.59937302610018
TR-11226,3.403409766523257
TR-11227,1.7343547341900716
TR-11228,1.7921619673400107
TR-11229,1.3385813069070454
TR-11230,1.2271126591920694
TR-11231,3.852891453779055
TR-11232,3.103599156993594
TR-11233,2.353604179092041
TR-11234,1.3375272852329179
TR-11235,1.3228646726106075
TR-11236,2.1435025253825857
TR-11237,1.9699402897095515
TR-11238,3.5936021219436354
TR-11239,2.0585249557440197
TR-11240,1.6284841126999081
TR-11241,1.7820902046761224
TR-11242,2.535926506012269
TR-11243,2.0200648759902924
TR-11244,2.0247025713564564
TR-11245,1.6277345861760852
TR-11246,1.5455208955941218
TR-11247,1.7284990582226962
TR-11248,2.5798206530637215
TR-11249,1.8132892462303034
TR-11250,2.079699080042053
TR-11251,1.6258607698665235
TR-11252,1.2579837828920786
TR-11253,1.0953833726299742
TR-11254,1.4437726699849929
TR-11255,2.610551240540513
TR-11256,2.6379558040678344
TR-11257,3.1187770691010313
TR-11258,0.9407935270912425
TR-11259,4.077749410926305
TR-11260,1.3976299433620685
TR-11261,1.1786276621821954
TR-11262,1.4726762865599623
TR-11263,3.466885294009616
TR-11264,1.7990950876853828
TR-11265,4.354933688518029
TR-11266,2.17109447054086
TR-11267,0.9110466931769714
TR-11268,1.7799821613278675
TR-11269,4.1086673800340465
TR-11270,3.4562513864528603
TR-11271,1.5539530689871444
TR-11272,1.0734597218081183
TR-11273,1.1006300582967439
TR-11274,1.3434410495058904
TR-11275,1.415571734526109
TR-11276,3.7599033194171216
TR-11277,1.2058916894862997
TR-11278,1.8767179283089228
TR-11279,1.6351361605988475
TR-11280,2.403728765372786
TR-11281,2.0134596734990917
TR-11282,2.506788662398606
TR-11283,1.486636218066187
TR-11284,3.8718638439133546
TR-11285,1.7401635647497091
TR-11286,3.4727409699769907
TR-11287,1.4637288136818112
TR-11288,3.2340636175467377
TR-11289,1.6752826750311791
TR-11290,2.0240467356481076
TR-11291,0.9195725573854705
TR-11292,0.9026613651916882
TR-11293,1.0009430306281315
TR-11294,1.273583303669169
TR-11295,1.4489256648362838
TR-11296,1.480499469652377
TR-11297,1.2563910390289523
TR-11298,0.8797071153995734
TR-11299,2.2681113099683508
TR-11300,2.333788571618442
TR-11301,2.036460768698946
TR-11302,1.0074835864566516
TR-11303,1.2040178731767393
TR-11304,2.0718290515419
TR-11305,2.0737028678514586
TR-11306,2.181213078612487
TR-11307,1.5910077865087016
TR-11308,2.2067438258302468
TR-11309,1.5537188419484491
TR-11310,0.970915124267425
TR-11311,1.3726613410371746
TR-11312,1.1248022886900741
TR-11313,1.732902526550163
TR-11314,1.3798286884212434
TR-11315,3.899971088556762
TR-11316,0.8000230768355172
TR-11317,2.6780086276846844
TR-11318,3.578377364428457
TR-11319,2.3071803800226856
TR-11320,2.578227909200596
TR-11321,1.928622640083746
TR-11322,0.8388110744434172
TR-11323,2.8534446796672768
TR-11324,1.2959754085684154
TR-11325,1.9473139577716083
TR-11326,1.4955836909443374
TR-11327,1.435246805776492
TR-11328,1.526782732498518
TR-11329,1.7383834392556279
TR-11330,1.8828078313149939
TR-11331,2.0559484583183743
TR-11332,2.0336968896423455
TR-11333,2.158961509936458
TR-11334,1.0406679363908118
TR-11335,1.3341544158757088
TR-11336,2.4784471907165053
TR-11337,2.452447989421354
TR-11338,2.6879866995330963
TR-11339,1.5157272162721112
TR-11340,1.9910207231921058
TR-11341,0.9092665676828888
TR-11342,2.7054131912120085
TR-11343,1.3212250833397423
TR-11344,3.73156184773502
TR-11345,1.5028915745516247
TR-11346,1.5124948831381206
TR-11347,3.0284122775724813
TR-11348,2.0725317326579846
TR-11349,0.9714594679053531
TR-11350,1.879575498181003
TR-11351,3.216683971275562
TR-11352,3.7439758807858605
TR-11353,1.7980176433073856
TR-11354,2.2790731353792792
TR-11355,2.602540675817141
TR-11356,0.6301147829661276
TR-11357,0.9397769817433064
TR-11358,3.358203948055114
TR-11359,2.1441115156831914
TR-11360,0.9768644910502803
TR-11361,1.5682877637552801
TR-11362,2.712908456450252
TR-11363,1.034812260423435
TR-11364,2.554336751253702
TR-11365,1.041493352475172
TR-11366,1.9593063821527976
TR-11367,0.9575173376540689
TR-11368,2.226418897080632
TR-11369,1.7454102504164763
TR-11370,0.8908563224414577
TR-11371,2.3952029011642813
TR-11372,1.6995017508322485
TR-11373,1.6929902391565264
TR-11374,3.6552038331204346
TR-11375,1.2079997328345546
TR-11376,2.761252917236908
TR-11377,4.0163819267882
TR-11378,1.1684622087028302
TR-11379,0.9943846735446694
TR-11380,3.595335402029978
TR-11381,1.3118560017919412
TR-11382,1.4145411355558506
TR-11383,1.4164149518654099
TR-11384,2.774275940588355
TR-11385,1.3783764807813348
TR-11386,0.9852966644433012
TR-11387,1.6574814200903571
TR-11388,1.640054928411444
TR-11389,1.398894769371022
TR-11390,1.5040158643373598
TR-11391,1.10231649297535
TR-11392,2.6599731457051687
TR-11393,1.0714687919792099
TR-11394,3.4507236283396576
TR-11395,1.2448202233174173
TR-11396,2.0858826738636007
TR-11397,1.1489276736756637
TR-11398,0.7918719758889291
TR-11399,2.554570978292395
TR-11400,1.941364590988757
TR-11401,1.79403578364957
TR-11402,0.9013965391827347
TR-11403,4.221330585646372
TR-11404,1.218539949575832
TR-11405,3.7627140438814632
TR-11406,1.4635414320508542
TR-11407,1.4532822877560114
TR-11408,3.549098984591576
TR-11409,0.9860930363748645
TR-11410,2.111647648120056
TR-11411,1.389057233745829
TR-11412,2.7836450221361546
TR-11413,1.1164169607047916
TR-11414,1.513197564254206
TR-11415,4.133729673174422
TR-11416,1.0732254947694233
TR-11417,1.4391818200265696
TR-11418,1.475768083470737
TR-11419,2.5302113662681074
TR-11420,1.2886675249611301
TR-11421,9.78843884135032
TR-11422,1.425690342597735
TR-11423,1.7091519048264845
TR-11424,0.7690582623200306
TR-11425,1.1223663274876445
TR-11426,1.6305453106404253
TR-11427,0.920228393093817
TR-11428,1.5714264060737944
TR-11429,2.3856932833932616
TR-11430,2.2458597412923207
TR-11431,1.9282010314140945
TR-11432,1.383904238894538
TR-11433,1.7809190694826478
TR-11434,1.5751740386929154
TR-11435,1.3433829612002943
TR-11436,3.1614532355512672
TR-11437,1.4475203026041135
TR-11438,2.082369268283176
TR-11439,4.146612160302644
TR-11440,1.5414921905285666
TR-11441,1.9508742087597748
TR-11442,2.175357402645111
TR-11443,4.328887641815137
TR-11444,2.3018400035404367
TR-11445,3.015998244521644
TR-11446,5.958639377055293
TR-11447,2.54262539931895
TR-11448,1.328251894500594
TR-11449,1.0187442855689561
TR-11450,2.986110874384158
TR-11451,0.9755059742258493
TR-11452,3.300677787351609
TR-11453,3.881935606577242
TR-11454,3.3174484433221703
TR-11455,1.2835613755175774
TR-11456,2.0621320521399213
TR-11457,2.2498416009501376
TR-11458,1.7714562971193666
TR-11459,1.807855178932578
TR-11460,1.4154311983028907
TR-11461,1.088262870653645
TR-11462,2.131744328040092
TR-11463,1.6574814200903571
TR-11464,1.327642904199986
TR-11465,1.3455846953640265
TR-11466,1.4809210783220264
TR-11467,1.3734577129687386
TR-11468,2.0584312649285406
TR-11469,1.5490343011745487
TR-11470,1.104377690915865
TR-11471,0.8598446625182329
TR-11472,3.323163583066331
TR-11473,2.9528037894817185
TR-11474,2.5371913320212243
TR-11475,2.7246198083850026
TR-11476,1.1683685178873524
TR-11477,1.0115769381848854
TR-11478,0.9619208059815358
TR-11479,1.2564847298444302
TR-11480,1.480265242613682
TR-11481,2.687377709232491
TR-11482,1.5839341299401104
TR-11483,1.699220678385815
TR-11484,1.0089535953515014
TR-11485,1.0290034298637978
TR-11486,0.8228836358121537
TR-11487,4.722342221415079
TR-11488,1.1771286091345479
TR-11489,1.373270331337782
TR-11490,1.7115878660289114
TR-11491,2.0445650242377944
TR-11492,2.821402420773796
TR-11493,1.7586206553988788
TR-11494,1.9367737410303334
TR-11495,2.303573283626781
TR-11496,1.4889316430453992
TR-11497,2.199763860077135
TR-11498,1.73819605762467
TR-11499,1.6309200739023368
TR-11500,0.9478671836598325
TR-11501,1.5118858928375127
TR-11502,1.7953474550662611
TR-11503,0.8610157977117078
TR-11504,2.8874076002780624
TR-11505,1.225238842882511
TR-11506,1.7559504671577546
TR-11507,2.0933779391018437
TR-11508,1.4556245581429619
TR-11509,1.0252557972446772
TR-11510,2.3706090621013036
TR-11511,1.5000340046795437
TR-11512,1.3985200061091083
TR-11513,1.5649617398058118
TR-11514,1.9366800502148545
TR-11515,2.990233270265188
TR-11516,1.566132874999287
TR-11517,1.5847773472794124
TR-11518,1.3965056535763318
TR-11519,2.4668295295972316
TR-11520,1.727796377106611
TR-11521,1.743536434106918
TR-11522,1.757496365613142
TR-11523,2.7253224895010906
TR-11524,1.8532483790316798
TR-11525,2.928865786127086
TR-11526,2.6650324497409814
TR-11527,2.1883804259965562
TR-11528,3.648645476036973
TR-11529,3.8198654413230546
TR-11530,2.4550713322547413
TR-11531,2.5498864375184955
TR-11532,1.4329982262050196
TR-11533,4.655119061309603
TR-11534,1.423441763026261
TR-11535,1.7641484135120813
TR-11536,1.268664535856573
TR-11537,1.8882418986127192
TR-11538,1.628015658622518
TR-11539,2.286755782248475
TR-11540,1.7571216023512293
TR-11541,2.0392714931632887
TR-11542,1.3676488824091007
TR-11543,1.7015161033650257
TR-11544,3.5479278493981026
TR-11545,1.001598866336477
TR-11546,1.4080764692878665
TR-11547,0.8501008177085191
TR-11548,6.668066231854857
TR-11549,2.6774464827918183
TR-11550,2.720872175765882
TR-11551,1.25648472984443
TR-11552,3.500613987581703
TR-11553,1.2623404058118068
TR-11554,1.1658388658694463
TR-11555,1.0133102182712295
TR-11556,1.2599512900171175
TR-11557,0.9467428938740958
TR-11558,1.0788581865959617
TR-11559,1.3534547238641812
TR-11560,1.0247404977595478
TR-11561,0.9427141888085415
TR-11562,1.9151311626549101
TR-11563,1.007454542303853
TR-11564,1.0357023231704765
TR-11565,2.75179014487363
TR-11566,1.8043417733521523
TR-11567,2.4971853538121094
TR-11568,1.7169282425111592
TR-11569,1.748970501404643
TR-11570,2.053559342523685
TR-11571,1.0852647645583493
TR-11572,3.5666660124937044
TR-11573,1.7682708093931154
TR-11574,1.7694419445865883
TR-11575,0.9966800985238808
TR-11576,1.1690711990034381
TR-11577,1.8636012141420004
TR-11578,2.9918728595360546
TR-11579,1.3003788768958833
TR-11580,2.5474504763160666
TR-11581,1.7825586587535136
TR-11582,0.9813148047854853
TR-11583,3.4886684086082527
TR-11584,1.8632732962878262
TR-11585,3.018808968985982
TR-11586,1.5759235652167396
TR-11587,1.2183994133526164
TR-11588,1.0538314959654729
TR-11589,1.5168515060578485
TR-11590,1.9174734330418608
TR-11591,3.2441353802106208
TR-11592,1.72119117461541
TR-11593,1.902342366342161
TR-11594,0.8480396197680021
TR-11595,2.2013566039402606
TR-11596,1.7315440097257309
TR-11597,1.2597170629784213
TR-11598,1.7725337414973645
TR-11599,4.234025691143645
TR-11600,2.1690332726003434
TR-11601,2.7325835277006347
TR-11602,1.7869152816732399
TR-11603,1.0685409539955224
TR-11604,2.4182508417718775
TR-11605,4.2024050409198095
TR-11606,1.3058597896013466
TR-11607,2.231665582747401
TR-11608,1.5546089046954885
TR-11609,1.097163498124058
TR-11610,1.4719736054438761
TR-11611,1.9448311511614438
TR-11612,2.437316922721655
TR-11613,1.017245232521306
TR-11614,4.213835320408127
TR-11615,2.757692666248744
TR-11616,1.761431379863219
TR-11617,1.4096692131509931
TR-11618,1.1101865214755018
TR-11619,1.0087596553634621
TR-11620,1.3921490306566036
TR-11621,2.0198306489515967
TR-11622,1.8673488467611206
TR-11623,5.22593035460944
TR-11624,2.676041120559651
TR-11625,0.9113980337350133
TR-11626,0.9736321579162874
TR-11627,1.5655707301064181
TR-11628,1.4506589449226266
TR-11629,1.6564976665278375
TR-11630,3.1930738857751044
TR-11631,1.3408064637746495
TR-11632,1.2233181811652114
TR-11633,1.5141344724089854
TR-11634,1.0144345080569657
TR-11635,3.015295563405561
TR-11636,2.8788348906618237
TR-11637,1.4475203026041126
TR-11638,1.3445072509860296
TR-11639,2.055480004240984
TR-11640,1.3791728527128981
TR-11641,1.3603878442095556
TR-11642,2.0989993880305255
TR-11643,1.4024081749514465
TR-11644,0.9152862025773503
TR-11645,1.1973658252777992
TR-11646,1.0150903437653125
TR-11647,1.7917872040780978
TR-11648,2.6016506130701
TR-11649,2.023531436162979
TR-11650,1.140495500282641
TR-11651,1.232453035674318
TR-11652,1.710182503796743
TR-11653,0.8842979653579965
TR-11654,2.0227819096391553
TR-11655,1.2999104228184917
TR-11656,2.7396103388614845
TR-11657,1.4743861439424362
TR-11658,1.4410556363361298
TR-11659,1.482092775660395
TR-11660,1.2075312787571653
TR-11661,0.9141384900877455
TR-11662,4.459773711037933
TR-11663,1.7584332737679236
TR-11664,2.7838792491748516
TR-11665,1.6380405758786676
TR-11666,1.887960826166285
TR-11667,1.6602921445546968
TR-11668,2.0957202094887943
TR-11669,1.8097289952421385
TR-11670,1.0816576681624448
TR-11671,1.9446437695304857
TR-11672,1.0987562419871837
TR-11673,4.279184664204045
TR-11674,3.3735223963857677
TR-11675,1.8958777000741764
TR-11676,1.0651212392305738
TR-11677,0.8486954554763488
TR-11678,1.8374614766236328
TR-11679,2.007322925085282
TR-11680,1.207390883070171
TR-11681,0.9580326371391977
TR-11682,2.479243562648068
TR-11683,1.5069202796171792
TR-11684,2.3395505567703414
TR-11685,2.438066449245479
TR-11686,3.9639150701205113
TR-11687,1.5681472275320647
TR-11688,4.309399952195705
TR-11689,2.146875394739791
TR-11690,4.866532386435756
TR-11691,3.247414558752352
TR-11692,0.8990074233880451
TR-11693,4.573233288581819
TR-11694,1.6387432569947518
TR-11695,0.8783017531674026
TR-11696,2.0395057202019826
TR-11697,5.583126588619386
TR-11698,2.556444794601957
TR-11699,3.883575195848106
TR-11700,2.324513180886119
TR-11701,1.7211911746154096
TR-11702,0.9464618214276627
TR-11703,2.5177973332172705
TR-11704,1.7878521898280209
TR-11705,1.244445460055505
TR-11706,1.7633988869882586
TR-11707,2.181915759728572
TR-11708,2.702368239708972
TR-11709,2.742139990879392
TR-11710,3.320727621863904
TR-11711,1.8048102274295426
TR-11712,1.2388240111268236
TR-11713,4.7273078346354165
TR-11714,1.3724271139984803
TR-11715,1.5815918595531604
TR-11716,1.5513297261537589
TR-11717,1.9504994454978641
TR-11718,1.2160571429656652
TR-11719,1.1018948843056975
TR-11720,1.5727380774904876
TR-11721,1.667131574084591
TR-11722,1.9034666561278961
TR-11723,1.251519116624095
TR-11724,2.489783779389347
TR-11725,3.33314165491474
TR-11726,1.575408265731611
TR-11727,1.0356020739979146
TR-11728,2.792311422567874
TR-11729,3.4980374901560563
TR-11730,1.5149308443405485
TR-11731,0.78428301983521
TR-11732,1.8386326118171081
TR-11733,1.4831696578935003
TR-11734,1.4950683914592082
TR-11735,1.148178147151839
TR-11736,2.070657916348424
TR-11737,2.922307429043622
TR-11738,4.126234407936179
TR-11739,1.3125118375002853
TR-11740,2.2734985318583374
TR-11741,2.499059170121669
TR-11742,1.4869172905126218
TR-11743,1.494881009828252
TR-11744,1.213714872578714
TR-11745,2.4602711725137705
TR-11746,2.6413755188327817
TR-11747,0.8271934133241424
TR-11748,1.103909236838475
TR-11749,1.9978133073142619
TR-11750,2.193580266255585
TR-11751,2.755069323415357
